{
    "portfolio": [
        {
            "title": "Dronet Website",
            "thumbnail": "images/projects/Dronet.png",
            "livePreviewURL": "https://drone-website-1248a.web.app/",
		    "tech": ["html", "css", "react", "tailwind", "mongodb", "firebase"]
        },
        {
            "title": "Traventures Website",
            "thumbnail": "images/projects/Tranventures.png",
            "livePreviewURL": "https://tourism-4bd36.web.app/",
		    "tech": ["html", "css", "react", "tailwind", "mongodb", "firebase"]
        },
        {
            "title": "OpticalDoc Website",
            "thumbnail": "images/projects/OpticalDoc.png",
            "livePreviewURL": "https://opticaldoc-5daeb.web.app/",
		    "tech": ["html", "css", "react", "tailwind"]
        },
        {
            "title": "Edutor Website",
            "thumbnail": "images/projects/Edutor.png",
            "livePreviewURL": "https://edutor-anikbhaya.netlify.app/",
		    "tech": ["html", "css", "react", "tailwind"]
        },
        {
            "title": "Car Rental Website",
            "thumbnail": "images/projects/Car-Rental-Website.jpg",
            "livePreviewURL": "https://car-rental-anikbhaya.netlify.app/",
		    "tech": ["html", "css", "react", "bootstrap"]
        },
        {
            "title": "Books Archive",
            "thumbnail": "images/projects/books-archive.jpg",
            "livePreviewURL": "https://anikbhaya.github.io/books-archive/",
		    "tech": ["html", "css", "javascript"]
        },
        {
            "title": "Product Cart Page",
            "thumbnail": "images/projects/productCartPage.jpg",
            "livePreviewURL": "https://anikbhaya.github.io/MacBook-pro/",
		    "tech": ["html", "css", "javascript"]
        },
        {
            "title": "Honda CBR",
            "thumbnail": "images/projects/HONDA-CBR.jpg",
            "livePreviewURL": "https://anikbhaya.github.io/honda-cbr/",
		    "tech": ["html", "css", "bootstrap"]
        },
        {
            "title": "Penguin Fashion",
            "thumbnail": "images/projects/Penguin-Fashion-Website.png",
            "livePreviewURL": "https://anikbhaya.github.io/penguin-fashion/",
		    "tech": ["html", "css", "tailwind"]
        },
        {
            "title": "Panda Ecommerce",
            "thumbnail": "images/projects/Panda-Ecommerce.png",
            "livePreviewURL": "https://anikbhaya.github.io/Panda-Ecommerce/",
		    "tech": ["html", "css", "bootstrap"]
        },
        {
            "title": "Copa America 2021",
            "thumbnail": "images/projects/Copa-America-2021.png",
            "livePreviewURL": "https://anikbhaya.github.io/copa-america/",
		    "tech": ["html", "css"]
        },
        {
            "title": "Leader Board",
            "thumbnail": "images/projects/leader-board.png",
            "livePreviewURL": "https://anikbhaya.github.io/leader-board/",
		    "tech": ["html", "css"]
        },
        {
            "title": "Food Eater",
            "thumbnail": "images/projects/Food-Eater.png",
            "livePreviewURL": "https://anikbhaya.github.io/Food-Eater-Portfolio/",
		    "tech": ["html", "css"]
        },
        {
            "title": "Event",
            "thumbnail": "images/projects/events 001.jpg",
            "livePreviewURL": "https://anikbhaya.github.io/events/",
		    "tech": ["html", "css"]
        },
        {
            "title": "Newsgrid",
            "thumbnail": "images/projects/newsgrid.jpg",
            "livePreviewURL": "https://anikbhaya.github.io/newsgrid/",
		    "tech": ["html", "css"]
        },
        {
            "title": "Woteen",
            "thumbnail": "images/projects/woteen-001.jpg",
            "livePreviewURL": "https://anikbhaya.github.io/woteen/",
		    "tech": ["html", "css"]
        }

    ]
}
